Direct Loans Entering Default,,,,,,,,,,,
Includes outstanding principal and interest balances of Direct Loans at the time of default,,,,,,,,,,,
Data Source: National Student Loan Data System (NSLDS),,,,,,,,,,,
,,,,,,,,,,,
,,,,Total Entering Default During the Quarter,,,,Loans Defaulting for the First Time,,Loans Defaulting for at least the Second Time,
Federal Fiscal Year,,Dollars In Repayment From Previous Quarter         (in billions), Recipients In Repayment From Previous Quarter         (in thousands) ,Dollars             (in billions),Unique Borrowers     (in thousands),Percent of Dollars in Repayment Last Quarter That Defaulted,Percent of Borrowers in Repayment Last Quarter That Defaulted,Dollars             (in billions),Borrowers     (in thousands),Dollars             (in billions),Borrowers     (in thousands)
2015,Q1,$301.80,12290,$4.65,301.4,1.5%,2.5%,$4.13,278.2,$0.52,24.3
,Q2,$349.70,13620,$4.11,258.7,1.2%,1.9%,$3.69,240.1,$0.42,19.7
,Q3,$368.20,13960,$4.82,289.2,1.3%,2.1%,$4.26,266.3,$0.56,24.1
,Q4,$394.00,14660,$4.78,275.7,1.2%,1.9%,$4.21,254.2,$0.57,22.9
2016,Q1,$397.10,14520,$6.00,336.2,1.5%,2.3%,$5.43,313.5,$0.57,24.5
,Q2,$440.00,15500,$5.15,276.0,1.2%,1.8%,$4.59,253.6,$0.55,24.0
,Q3,$440.80,15270,$4.93,259.7,1.1%,1.7%,$4.40,238.4,$0.53,22.7
,Q4,$468.10,15940,$5.37,281.2,1.1%,1.8%,$4.84,259.6,$0.53,23.2
2017,Q1,$478.50,15930,$5.71,286.5,1.2%,1.8%,$5.23,265.5,$0.48,22.8
,Q2,$522.50 ,16840,$5.01,248.1,1.0%,1.5%,$4.53,226.7,$0.48,22.9
,Q3,$535.50 ,16910,$5.66,265.5,1.1%,1.6%,$5.02,237.3,$0.64,30.0
,Q4,$553.70 ,17480,$6.33,297.6,1.1%,1.7%,$5.77,273.6,$0.57,26.2
2018,Q1,$547.30 ,16910,$6.84,312.2,1.2%,1.8%,NA*,NA*,NA*,NA*
,Q2,$599.90 ,18080,$6.11,273.1,1.0%,1.5%,NA*,NA*,NA*,NA*
,Q3,$604.00 ,17880,$5.72,247.6,0.9%,1.4%,NA*,NA*,NA*,NA*
,Q4,$630.10 ,18590,$5.76,247.4,0.9%,1.3%,NA*,NA*,NA*,NA*
2019,Q1,$623.50 ,18150,$6.68,279.0,1.1%,1.5%,NA*,NA*,NA*,NA*
,Q2,$665.00 ,18940,$8.10,337.6,1.2%,1.8%,NA*,NA*,NA*,NA*
,Q3,$672.50 ,18880,$8.53,352.1,1.3%,1.9%,NA*,NA*,NA*,NA*
,Q4,$687.70 ,19160,$6.32,259.9,0.9%,1.4%,NA*,NA*,NA*,NA*
2020,Q1,$685.50 ,18850,$7.63,302.0,1.1%,1.6%,NA*,NA*,NA*,NA*
,Q2,$728.30 ,19640,$6.35,248.0,0.9%,1.3%,NA*,NA*,NA*,NA*
,Q3*,$693.00 ,18310,$0.00,0.0,0.0%,0.0%,NA*,NA*,NA*,NA*
,Q4*,$11.30 ,310,$0.00,0.0,0.0%,0.0%,NA*,NA*,NA*,NA*
2021,Q1*,$14.20 ,390,$0.00,0.0,0.0%,0.0%,NA*,NA*,NA*,NA*
,Q2*,$15.10 ,420,$0.00,0.0,0.0%,0.0%,NA*,NA*,NA*,NA*
,Q3*,$17.00 ,480,$0.00,0.0,0.0%,0.0%,NA*,NA*,NA*,NA*
,Q4*,$16.60 ,480,$0.00,0.0,0.0%,0.0%,NA*,NA*,NA*,NA*
2022,Q1*,$16.10 ,470,$0.00,0.0,0.0%,0.0%,NA*,NA*,NA*,NA*
,Q2*,$15.90 ,460,$0.00,0.0,0.0%,0.0%,NA*,NA*,NA*,NA*
,Q3*,$15.00 ,440,$0.00,0.0,0.0%,0.0%,NA*,NA*,NA*,NA*
,Q4*,$14.20 ,420,$0.00,0.0,0.0%,0.0%,NA*,NA*,NA*,NA*
2023,Q1*,$11.70 ,370,$0.00,0.0,0.0%,0.0%,NA*,NA*,NA*,NA*
,Q2*,$10.90 ,330,$0.00,0.0,0.0%,0.0%,NA*,NA*,NA*,NA*
,Q3*,$10.10 ,300,$0.00,0.0,0.0%,0.0%,NA*,NA*,NA*,NA*
"*As a result of changes to borrower accounts due to the administration�s executive actions, and provisions in the CARES ACT, no Direct Loan borrowers entered default since March 2020.  ",,,,,,,,,,,
,,,,,,,,,,,
Notes:,,,,,,,,,,,
"Data is run at the end of each quarter listed by federal fiscal year. Each federal fiscal year begins October 1 and ends September 30. Q1 ends 12/31, Q2 ends 3/31, Q3 ends 6/30, and Q4 ends 9/30",,,,,,,,,,,
Default is defined as 361 days delinquent.,,,,,,,,,,,
Dollars and Recipients in Repayment From Previous Quarter are based on the number of Dollars and Recipients in the DL Portfolio by Delinquency Status Report from the previous quarter. ,,,,,,,,,,,
"Dollars represent total balance at time of default for a particular loan and not the dollar balance of all loans at the same point in time, i.e., the end of the quarter.",,,,,,,,,,,
"Borrower counts are based at the loan level. As a result, borrowers may be counted multiple times across varying loan categories. The ""Total Entering Default During the Quarter"" provides a unique borrower count for loans entering default during the given timeframe. ",,,,,,,,,,,
"""Loans Defaulting for at least the Second Time"" refer to loans that have previously been rehabilitated.",,,,,,,,,,,
"Unlike the portfolio reports, which look at a stock of open loans at a specific point in time, this report focuses on any Direct Loans which have defaulted during the quarter.  Thus, loans in this report will also appear across various categories of the portfolio reports, including ""Loans Transferring to the Debt Management and Collections System (DMCS)"" in the Direct Loan Portfolio by Delinquency Status report and ""Default"" in the Direct Loan Portfolio by Loan Status report.  ",,,,,,,,,,,
,,,,,,,,,,,
,,,,,,,,,,,
